name	face	entry_position_fraction	hole_anchor_error	mesh_vertices
wall-0	north	0.4999995119485058	0.0	4
floor-0	up	0.4999995359547117	0.0	4
wall-30	north	0.4710133032202427	2.9809600121666335E-8	169
floor-30	up	0.4710922603838118	2.441462129354477E-6	169
wall-45	north	0.41883019100078034	2.9809598345309496E-8	169
floor-45	up	0.41853019448006007	2.441462129354477E-6	169
wall-60	north	0.330693354034831	2.9809598345309496E-8	169
floor-60	up	0.3174381332103541	2.441462129354477E-6	169
wall-75	north	0.19894105025582748	2.9809600121666335E-8	169
floor-75	up	0.17705743066072277	2.441462129354477E-6	169
wall-89	north	0.187814981654583	2.9809600121666335E-8	169
floor-89	up	0.16112047626488768	2.441462129354477E-6	169
face-down	down	0.1982328321988089	2.441462129354477E-6	169
face-up	up	0.19614743983118854	2.441462129354477E-6	169
face-north	north	0.1993160048508878	5.727633833885193E-8	169
face-south	south	0.19563803238217808	5.727633833885193E-8	169
face-west	west	0.190526799026379	5.727633833885193E-8	169
face-east	east	0.19918026548466083	5.727633833885193E-8	169
slab-side	north	0.17863980341393193	3.0666626145148257E-6	169
wall-edge	north	0.18297637689743526	1.1562864443703802E-7	169
legacy	north	0.5000001956144942	0.0	4
